CampaignSchema,TotalOrders,ReturnRate_Percent
Google-Ads,296,16.216216216216218
Billboard-Qr Code,278,15.107913669064748
Facebook-Ads,288,14.23611111111111
E-Mails,273,13.553113553113553
Twitter-Ads,265,12.452830188679245
Instagram-Ads,300,11.666666666666666
