Category,OrderCount,ReturnRate_Percent
Fashion,334,15.269461077844312
Books,345,14.492753623188406
Toys,360,13.88888888888889
Home Appliances,357,13.725490196078432
Electronics,304,11.842105263157894
